division,rate
21,1.19000
26,1.23000
54,1.24000
55,0.89000
59,1.19000
82,1.41000
