division,ratio
21,1.49268
26,1.84648
54,1.64919
55,1.03457
59,1.52699
82,1.49756
