{
  "lower_bound": 60258.623678827826,
  "mid_point": 72664.40350957688,
  "per_vehicle": 1689.8698490599274,
  "upper_bound": 86894.65573947897
}