{
  "lower_bound": 121241.0538472994,
  "mid_point": 148173.17057434487,
  "per_vehicle": 2429.0683700712275,
  "upper_bound": 179379.34358545463
}