{
  "lower_bound": 142055.81657729638, 
  "mid_point": 178753.23600531736, 
  "per_vehicle": 9930.735333628742, 
  "upper_bound": 222147.67404715775
}