{
  "lower_bound": 46872.69114521803,
  "mid_point": 55142.94276056102,
  "per_vehicle": 1040.4328822747361,
  "upper_bound": 64474.914509031994
}