{
  "lower_bound": 74501.53799995765,
  "mid_point": 92244.26552712498,
  "per_vehicle": 922.4426552712498,
  "upper_bound": 112991.06500160179
}