{
  "lower_bound": 119024.86684939731,
  "mid_point": 144763.3219887316,
  "per_vehicle": 2783.9100382448382,
  "upper_bound": 174501.15515513072
}