{
  "lower_bound": 75303.32515280487,
  "mid_point": 95335.65208236905,
  "per_vehicle": 1254.4164747680138,
  "upper_bound": 119122.72844066026
}