{
  "lower_bound": 751389.8318144163,
  "mid_point": 2651969.8394516488,
  "per_vehicle": 31951.443848815044,
  "upper_bound": 6887182.717851756
}