{
  "lower_bound": 96768.99889322995,
  "mid_point": 117967.21422463098,
  "per_vehicle": 2877.249127430024,
  "upper_bound": 142486.23657705166
}