{
  "lower_bound": 68963.52008106885,
  "mid_point": 85320.6578133197,
  "per_vehicle": 879.5944104465949,
  "upper_bound": 104434.5257821231
}