{
  "lower_bound": 53605.632179278306,
  "mid_point": 63248.84344835321,
  "per_vehicle": 780.8499191154717,
  "upper_bound": 74145.50488733863
}