{
  "lower_bound": 65015.38024087732,
  "mid_point": 77958.18290364134,
  "per_vehicle": 1948.9545725910334,
  "upper_bound": 92750.71822724561
}