{
  "lower_bound": 1000990.418983515, 
  "mid_point": 3537812.2108276407, 
  "per_vehicle": 40202.41148667774, 
  "upper_bound": 9194953.984511664
}