{
  "lower_bound": 112175.30344098037, 
  "mid_point": 135274.80100722477, 
  "per_vehicle": 2332.324155296979, 
  "upper_bound": 161789.32391545962
}