{
  "lower_bound": 57318.69662041915,
  "mid_point": 70079.75923537591,
  "per_vehicle": 3688.4083808092582,
  "upper_bound": 84868.15675085632
}