{
  "lower_bound": 1138282.3031157283,
  "mid_point": 3999410.5841904744,
  "per_vehicle": 222189.47689947078,
  "upper_bound": 10359987.497777175
}