{
  "lower_bound": 385801.92776164465, 
  "mid_point": 1349143.0849086472, 
  "per_vehicle": 74952.39360603596, 
  "upper_bound": 3485423.8659188873
}