{
  "lower_bound": 38689.780340134435,
  "mid_point": 48847.014102724126,
  "per_vehicle": 2220.3188228510967,
  "upper_bound": 60884.76258053902
}