{
  "lower_bound": 91802.91138588349,
  "mid_point": 117196.9518221188,
  "per_vehicle": 1698.5065481466493,
  "upper_bound": 147529.55483189138
}