{
  "lower_bound": 86628.43388176392,
  "mid_point": 116250.75802498804,
  "per_vehicle": 2152.7918152775565,
  "upper_bound": 152892.73043890548
}