{
  "lower_bound": 407634.9303442785,
  "mid_point": 1454907.4351432272,
  "per_vehicle": 29691.98847231076,
  "upper_bound": 3802371.144701505
}