{
  "lower_bound": 64638.96185294546,
  "mid_point": 85578.01208282432,
  "per_vehicle": 14263.002013804055,
  "upper_bound": 111233.70891738581
}