{
  "lower_bound": 149802.8633439611,
  "mid_point": 185822.2756795747,
  "per_vehicle": 2732.6805246996278,
  "upper_bound": 227995.16735113677
}