{
  "lower_bound": 93209.8269003005,
  "mid_point": 125623.82719150581,
  "per_vehicle": 1443.952036683975,
  "upper_bound": 165845.19230459825
}