{
  "lower_bound": 23478.182654871052,
  "mid_point": 30214.867475779563,
  "per_vehicle": 6042.973495155913,
  "upper_bound": 38306.62965804684
}