{
  "lower_bound": 666443.0728956101, 
  "mid_point": 2335110.911078383, 
  "per_vehicle": 24073.308361632815, 
  "upper_bound": 6039390.602539349
}