{
  "lower_bound": 101925.6693120117, 
  "mid_point": 124137.73751658863, 
  "per_vehicle": 1852.8020524863975, 
  "upper_bound": 149825.059622721
}