{
  "lower_bound": 158533.24614001228, 
  "mid_point": 211720.65233639756, 
  "per_vehicle": 105860.32616819878, 
  "upper_bound": 277285.03342581517
}