{
  "lower_bound": 39685.26129180194,
  "mid_point": 54598.04816101055,
  "per_vehicle": 1091.960963220211,
  "upper_bound": 73364.97492573744
}