{
  "lower_bound": 89357.08771837321,
  "mid_point": 111020.05821767304,
  "per_vehicle": 1881.6959019944584,
  "upper_bound": 136408.69624776137
}