{
  "lower_bound": 1206245.7187870683,
  "mid_point": 4269128.819591375,
  "per_vehicle": 49641.03278594622,
  "upper_bound": 11104294.78299063
}