{
  "lower_bound": 1004469.9745571624, 
  "mid_point": 3582181.0377339683, 
  "per_vehicle": 87370.26921302362, 
  "upper_bound": 9357660.383345118
}