{
  "lower_bound": 64844.37117135055,
  "mid_point": 80130.16207428604,
  "per_vehicle": 1602.603241485721,
  "upper_bound": 97983.51246718981
}