{
  "lower_bound": 109305.12769537738,
  "mid_point": 137977.61693138347,
  "per_vehicle": 1422.4496590864276,
  "upper_bound": 171967.94456410667
}