{
  "lower_bound": 80716.96909679055,
  "mid_point": 103130.34468705021,
  "per_vehicle": 1145.8927187450024,
  "upper_bound": 129917.24403468208
}