{
  "lower_bound": 106274.34943572455,
  "mid_point": 131474.75588837577,
  "per_vehicle": 3866.9045849522286,
  "upper_bound": 160927.7794281538
}