{
  "lower_bound": 88424.55491122173,
  "mid_point": 107853.85742900659,
  "per_vehicle": 1225.6120162387112,
  "upper_bound": 130343.78722333786
}