{
  "lower_bound": 26854.835087456933,
  "mid_point": 37436.6700802331,
  "per_vehicle": 1559.861253343046,
  "upper_bound": 50875.17655324215
}