{
  "lower_bound": 52638.39634180744,
  "mid_point": 64027.410589484236,
  "per_vehicle": 2561.0964235793695,
  "upper_bound": 77175.1439510737
}