{
  "lower_bound": 859405.5261755551,
  "mid_point": 3046069.915904812,
  "per_vehicle": 50767.83193174687,
  "upper_bound": 7929625.243390487
}