{
  "lower_bound": 62352.30377664768,
  "mid_point": 75746.58695717153,
  "per_vehicle": 2367.0808424116103,
  "upper_bound": 91197.79808157658
}