{
  "lower_bound": 28707.691601339488,
  "mid_point": 39504.68572168989,
  "per_vehicle": 454.0768473757459,
  "upper_bound": 53094.3474991392
}