{
  "lower_bound": 76590.47629158807,
  "mid_point": 92457.18925369618,
  "per_vehicle": 3424.3403427294884,
  "upper_bound": 110701.27963347937
}