{
  "lower_bound": 194816.04816595584,
  "mid_point": 242243.35782339232,
  "per_vehicle": 2633.079976341221,
  "upper_bound": 297862.9784355549
}