{
  "lower_bound": 673809.3611987549, 
  "mid_point": 2409535.5448569423, 
  "per_vehicle": 60238.38862142355, 
  "upper_bound": 6304068.761535119
}