{
  "lower_bound": 109441.27299184963,
  "mid_point": 137753.28839622828,
  "per_vehicle": 1913.2401166142818,
  "upper_bound": 171243.39183846317
}