{
  "lower_bound": 268254.32785193267, 
  "mid_point": 957680.7296856449, 
  "per_vehicle": 35469.656655023886, 
  "upper_bound": 2503236.4762394307
}