{
  "lower_bound": 51023.521462778845, 
  "mid_point": 71201.59248447351, 
  "per_vehicle": 7911.288053830391, 
  "upper_bound": 96843.05241315333
}