{
  "lower_bound": 37388.661060318445, 
  "mid_point": 47171.20982632471, 
  "per_vehicle": 11792.802456581177, 
  "upper_bound": 58758.28056686529
}