{
  "lower_bound": 945998.7062642509,
  "mid_point": 3303931.283385141,
  "per_vehicle": 70296.41028479022,
  "upper_bound": 8529313.218676362
}