{
  "lower_bound": 55613.643210298935,
  "mid_point": 66586.74602565644,
  "per_vehicle": 672.5933941985498,
  "upper_bound": 79115.65608466695
}