{
  "lower_bound": 81540.30756427128,
  "mid_point": 104471.14794117723,
  "per_vehicle": 3264.7233731617885,
  "upper_bound": 131938.47208857667
}