{
  "lower_bound": 55757.145855471565,
  "mid_point": 67940.98132112769,
  "per_vehicle": 2264.6993773709232,
  "upper_bound": 82021.0610537679
}