{
  "lower_bound": 99444.45468249256, 
  "mid_point": 131280.46487386705, 
  "per_vehicle": 5707.846298863785, 
  "upper_bound": 170208.01827717933
}