{
  "lower_bound": 132802.39566063392,
  "mid_point": 181407.20154958745,
  "per_vehicle": 1889.6583494748693,
  "upper_bound": 242268.12775611592
}