{
  "lower_bound": 91802.37355530051,
  "mid_point": 117523.69244645844,
  "per_vehicle": 1224.2051296506088,
  "upper_bound": 148313.02935487355
}