{
  "lower_bound": 87701.3457063791, 
  "mid_point": 109203.88365472651, 
  "per_vehicle": 1227.0099287047922, 
  "upper_bound": 134449.2570349935
}