{
  "lower_bound": 263229.33174624096,
  "mid_point": 921814.0481715573,
  "per_vehicle": 40078.871659632925,
  "upper_bound": 2383368.514645278
}