{
  "lower_bound": 739233.1807575555,
  "mid_point": 2591000.9560734117,
  "per_vehicle": 30127.91809387688,
  "upper_bound": 6702380.820349108
}