{
  "lower_bound": 120204.33613928867,
  "mid_point": 150125.50646932295,
  "per_vehicle": 2345.711038583171,
  "upper_bound": 185313.46414115198
}