{
  "lower_bound": 24323.72090481817,
  "mid_point": 34144.923061731206,
  "per_vehicle": 1219.4615379189715,
  "upper_bound": 46676.242576828285
}