{
  "lower_bound": 580301.875320295,
  "mid_point": 2065490.3843896384,
  "per_vehicle": 36236.673410344534,
  "upper_bound": 5389788.374345908
}