{
  "lower_bound": 87078.8033615267,
  "mid_point": 108876.79469235704,
  "per_vehicle": 1555.3827813193864,
  "upper_bound": 134543.61898773618
}