{
  "lower_bound": 148573.09620813566,
  "mid_point": 179153.44554092875,
  "per_vehicle": 3257.335373471432,
  "upper_bound": 214282.84934435497
}