{
  "lower_bound": 84857.50022490385, 
  "mid_point": 105811.85287558379, 
  "per_vehicle": 5878.436270865766, 
  "upper_bound": 130432.70757486063
}