{
  "lower_bound": 62562.65912907605, 
  "mid_point": 78658.27042707888, 
  "per_vehicle": 3575.3759285035853, 
  "upper_bound": 97680.97599872979
}