{
  "lower_bound": 310828.48733607767,
  "mid_point": 1084201.1292794247,
  "per_vehicle": 13900.014477941342,
  "upper_bound": 2796933.1965437043
}