{
  "lower_bound": 35652.22908400585,
  "mid_point": 44219.91808572509,
  "per_vehicle": 622.8157476862689,
  "upper_bound": 54250.48650857271
}