{
  "lower_bound": 36007.60605552206,
  "mid_point": 49571.70488004842,
  "per_vehicle": 24785.85244002421,
  "upper_bound": 66649.60658276358
}