{
  "lower_bound": 32059.239072119577,
  "mid_point": 40024.47455297015,
  "per_vehicle": 20012.237276485073,
  "upper_bound": 49391.11502699173
}