{
  "lower_bound": 388383.437139734,
  "mid_point": 1358504.4574275897,
  "per_vehicle": 25157.489952362772,
  "upper_bound": 3510100.5665865233
}