{
  "lower_bound": 99903.83854101616, 
  "mid_point": 129254.44825142849, 
  "per_vehicle": 1520.6405676638647, 
  "upper_bound": 164652.9694869923
}