{
  "lower_bound": 119955.05716252461, 
  "mid_point": 145386.18271568924, 
  "per_vehicle": 1888.1322430608993, 
  "upper_bound": 174680.85062478142
}