{
  "lower_bound": 88640.50173890378,
  "mid_point": 110991.68577295967,
  "per_vehicle": 1121.1281391208047,
  "upper_bound": 137335.2116750567
}