{
  "lower_bound": 100846.36433257717,
  "mid_point": 123438.3044095228,
  "per_vehicle": 1435.3291210409627,
  "upper_bound": 149633.22648213553
}