{
  "lower_bound": 52662.85959265797,
  "mid_point": 65753.0361246453,
  "per_vehicle": 1060.5328407200855,
  "upper_bound": 81151.5977949188
}