{
  "lower_bound": 14648.748625305909,
  "mid_point": 19562.64863796041,
  "per_vehicle": 1630.220719830034,
  "upper_bound": 25623.26287056475
}