{
  "lower_bound": 149543.84057554332,
  "mid_point": 180912.2069132423,
  "per_vehicle": 1827.39602942669,
  "upper_bound": 217024.01487969985
}