{
  "lower_bound": 66325.69267101114, 
  "mid_point": 82877.55647454395, 
  "per_vehicle": 1023.179709562271, 
  "upper_bound": 102362.98157985217
}