{
  "lower_bound": 154914.36742799927,
  "mid_point": 188044.89665899158,
  "per_vehicle": 2000.4776240318254,
  "upper_bound": 226253.22013884145
}