{
  "lower_bound": 73455.36366017736,
  "mid_point": 92264.35465246667,
  "per_vehicle": 3417.1983204617286,
  "upper_bound": 114477.95009124016
}