{
  "lower_bound": 180259.27487931447, 
  "mid_point": 238119.95462059963, 
  "per_vehicle": 3133.1572976394687, 
  "upper_bound": 308905.42216751113
}