{
  "lower_bound": 56542.82940052549,
  "mid_point": 69637.8637073211,
  "per_vehicle": 1289.5900686540945,
  "upper_bound": 84885.97379043594
}