{
  "lower_bound": 46101.82877423387,
  "mid_point": 55447.05887133442,
  "per_vehicle": 1289.4664853798702,
  "upper_bound": 66159.86131919663
}