{
  "lower_bound": 90323.84918598815, 
  "mid_point": 114241.45110373318, 
  "per_vehicle": 6012.707952828062, 
  "upper_bound": 142628.84416944062
}