{
  "lower_bound": 62369.8182137515,
  "mid_point": 76694.6427435514,
  "per_vehicle": 3195.610114314642,
  "upper_bound": 93371.520234406
}