{
  "lower_bound": 82864.28153924333,
  "mid_point": 106901.90430001635,
  "per_vehicle": 2486.090797674799,
  "upper_bound": 135830.10467197865
}