{
  "lower_bound": 438017.93063798675,
  "mid_point": 1534666.6279469687,
  "per_vehicle": 36539.68161778497,
  "upper_bound": 3969038.5110860956
}