{
  "lower_bound": 194567.0498931608,
  "mid_point": 694862.4447913752,
  "per_vehicle": 19301.7345775382,
  "upper_bound": 1816644.4251306814
}