{
  "lower_bound": 70113.4402555311,
  "mid_point": 96633.6233546185,
  "per_vehicle": 1223.2104222103608,
  "upper_bound": 130051.23991193686
}