{
  "lower_bound": 74036.20092301336,
  "mid_point": 88068.38311641144,
  "per_vehicle": 2516.239517611755,
  "upper_bound": 104025.35868917231
}