{
  "lower_bound": 46987.12924299062, 
  "mid_point": 60776.69172400041, 
  "per_vehicle": 3038.8345862000206, 
  "upper_bound": 77400.05049615825
}