{
  "lower_bound": 62509.36290239074,
  "mid_point": 78628.19938150281,
  "per_vehicle": 4138.32628323699,
  "upper_bound": 97682.92671487459
}