{
  "lower_bound": 509698.55254870316, 
  "mid_point": 1840361.4396156105, 
  "per_vehicle": 47188.75486193873, 
  "upper_bound": 4841144.736091239
}