{
  "lower_bound": 376243.08186754154,
  "mid_point": 1346907.8395916622,
  "per_vehicle": 269381.5679183324,
  "upper_bound": 3526074.5094013265
}