{
  "lower_bound": 42565.88873852179,
  "mid_point": 55946.05366460081,
  "per_vehicle": 27973.026832300406,
  "upper_bound": 72256.80652164874
}