{
  "lower_bound": 21641.335952978243, 
  "mid_point": 30080.152514156252, 
  "per_vehicle": 10026.71750471875, 
  "upper_bound": 40774.15446525765
}