{
  "lower_bound": 243061.37085017588,
  "mid_point": 892124.5689990777,
  "per_vehicle": 21759.135829245795,
  "upper_bound": 2368378.193881852
}