{
  "lower_bound": 67667.97694914567,
  "mid_point": 87710.34303434382,
  "per_vehicle": 3373.474732090147,
  "upper_bound": 111905.09503400854
}