{
  "lower_bound": 100664.7740169601,
  "mid_point": 137823.40208213276,
  "per_vehicle": 1997.440609885982,
  "upper_bound": 184429.87163453968
}