{
  "lower_bound": 221888.81985216698,
  "mid_point": 264914.481077843,
  "per_vehicle": 3485.716856287408,
  "upper_bound": 313942.72291517403
}