{
  "lower_bound": 99659.46541777375, 
  "mid_point": 127520.32980063024, 
  "per_vehicle": 3188.008245015756, 
  "upper_bound": 160853.49075290567
}