{
  "lower_bound": 99331.72508386223,
  "mid_point": 124585.29401932214,
  "per_vehicle": 2966.316524269575,
  "upper_bound": 154378.15048075595
}