{
  "lower_bound": 79038.20899397598,
  "mid_point": 94682.54053940905,
  "per_vehicle": 1245.8229018343295,
  "upper_bound": 112552.8244803128
}