{
  "lower_bound": 311697.1793456895,
  "mid_point": 1084187.1170303223,
  "per_vehicle": 18692.881328109004,
  "upper_bound": 2792423.1868999484
}