{
  "lower_bound": 49839.355011942775,
  "mid_point": 61892.73641716013,
  "per_vehicle": 1375.3941426035585,
  "upper_bound": 76025.10328082714
}