{
  "lower_bound": 82733.40298773558,
  "mid_point": 104012.70948583618,
  "per_vehicle": 3059.1973378187113,
  "upper_bound": 129175.18692664558
}