{
  "lower_bound": 66766.2983470428,
  "mid_point": 84554.90642371928,
  "per_vehicle": 1363.7888132857947,
  "upper_bound": 105686.72212036588
}