{
  "lower_bound": 119548.8611515289,
  "mid_point": 146078.86088917602,
  "per_vehicle": 1460.7886088917603,
  "upper_bound": 176843.00166620724
}