{
  "lower_bound": 90340.63233257754,
  "mid_point": 113132.55569619485,
  "per_vehicle": 1243.2148977603829,
  "upper_bound": 139994.81471019814
}