{
  "lower_bound": 75030.98999964296, 
  "mid_point": 94295.22055599373, 
  "per_vehicle": 1164.1385253826386, 
  "upper_bound": 117057.26002727475
}