{
  "lower_bound": 74200.9322122924, 
  "mid_point": 96736.24513861089, 
  "per_vehicle": 1697.1271076949279, 
  "upper_bound": 124051.72666555662
}