{
  "lower_bound": 28101.31612307846,
  "mid_point": 34399.35971490639,
  "per_vehicle": 1042.4048398456482,
  "upper_bound": 41701.615494665115
}