{
  "lower_bound": 66702.25915544812, 
  "mid_point": 81252.43311159514, 
  "per_vehicle": 1658.2129206447987, 
  "upper_bound": 98074.04589177432
}