{
  "lower_bound": 88289.81090911313,
  "mid_point": 109798.97619344041,
  "per_vehicle": 1689.2150183606216,
  "upper_bound": 135020.7730112466
}